Disease Category,Link,Medicines
 ADHD (5) ,https://www.netmeds.com/prescriptions/adhd,"['ATREST', 'CAPNEA', 'COGNIX', 'NOR']"
 Acne (345) ,https://www.netmeds.com/prescriptions/acne,"['A CN', 'A RET', 'AB NEXT', 'ACCUFINE', 'ACGEL CL NANO', 'ACGEL NANO', 'ACLAIR', 'ACNAY', 'ACNE UV SPF 30', 'ACNEDAP', 'ACNEDAP PLUS', 'ACNEGEL', 'ACNEGEL B', 'ACNELAK', 'ACNELAK CLZ', 'ACNEMEND', 'ACNEMEND BPO', 'ACNEMOIST', 'ACNEMOIST NEW', 'ACNEPAD', 'ACNEREX', 'ACNESOL', 'ACNESOL A NANO', 'ACNESOL NC', 'ACNESTAL', 'ACNESTAR', 'ACNETOIN', 'ACNETOIN I', 'ACNETOR AD', 'ACNEWAR', 'ACNEWAR PLUS', 'ACNICIN', 'ACNIN ACNE PRONE SKIN', 'ACNIN PIMPLE CARE', 'ACNO MEDICATED', 'ACNOFF ANTI ACNE', 'ACNORM', 'ACNOVATE', 'ACNOVATE TRIO', 'ACTEEN', 'ACUTRET', 'ADAFERIN', 'ADALENE NANO', 'ADAPEN', 'ADAPERO', 'ADAPLE C', 'ADAPNIL', 'ADIFF', 'ADIT', 'ADLENE', 'AHAGLOW ACNE CONTROL MOISTURIZING', 'AIRET', 'AKNAYBAR BATHING', 'ALESA', 'ALIGHT PLUS', 'ALONURISH ANTI ACNE FOAMING', 'AP', 'ATRANZA', 'ATRET', 'AZAC', 'AZIDERM', 'AZOBRIL', 'AZOBRIL FORTE', 'BDIFF A', 'BENGEL AC', 'BENZAC AC', 'BENZONEXT', 'BENZONIX', 'BREVOXYL', 'Benzol', 'CAMYDA', 'CANVAZ', 'CHECKACNE', 'CINASON N', 'CLEARGEL', 'CLEARGEL AP', 'CLEARGEL NICO', 'CLEARLIV', 'CLENCHIN', 'CLENCHIN Z', 'CLIAC', 'CLIGEL', 'CLIGEL A', 'CLIGEL N', 'CLIGEL T', 'CLIN', 'CLIN 3', 'CLIN AD', 'CLINCENT A', 'CLINCIN', 'CLINCITOP', 'CLINDAC A', 'CLINDAC A FOAMING', 'CLINDANAM', 'CLINDASET 300', 'CLINDASIL', 'CLINDASIL A', 'CLINDASURE', 'CLINDATOP GOLD', 'CLINDOT N', 'CLINDOXYL', 'CLINKA', 'CLINMAX', 'CLINMI SKIN', 'CLINMISKIN', 'CLINMISKIN AD', 'CLINOPAK', 'CLINRED B', 'CLINSOL', 'CLINSOL PLUS', 'CLINVAN', 'CLINXA', 'CLINXA A', 'CLIZA', 'COMEDOLYTIC', 'CRIXAN', 'D ACNE', 'D ACNE I', 'D ACNE PLUS', 'DALCIHIT', 'DERIVA BPO', 'DERIVA CMS', 'DERIVA MS', 'DERLIN', 'DERMADEW B', 'DS ACNE', 'ECZIM', 'EGA NIGHT', 'ELOSONE HT', 'EMOLENE', 'EPIDUO', 'ERYTOP', 'ERYTOP N', 'ETHITRET', 'EUNOZIT', 'EXAZEL', 'EXAZEL N', 'EZANIC', 'FACEBENZ A', 'FACECLIN', 'FACECLIN AT', 'FEMCINOL A', 'FEMCINOL ADP', 'GA 12', 'GA 6', 'GLOCIN', 'GLOTRET', 'GLYAHA', 'HEXILAK ULTRA C', 'HTM', 'I DERIVA', 'IBITRET', 'IRET', 'ISAC', 'ISAC 10MG', 'ISININ', 'ISOIN', 'ISOKON', 'ISOPEX', 'ISOTACNE', 'ISOTANE', 'ISOTROIN', 'ISOZIP 20', 'KLINCIN A', 'LACNE', 'LACNE FOAMING', 'LACNE FOAMING FACE WASH', 'LEE NEEM', 'LITETONE', 'MANDISA', 'MANDISA FOAMING', 'MEDERMA PLUS INTENSE', 'MELACARE', 'MELACARE ACNE', 'MELALONG AD', 'MELANORM MS', 'MICROBENZ', 'MINOZ BPO', 'NAYZIT', 'NEUTIN', 'NEXRET T', 'NEXRET TC', 'NILAC', 'NILAC A', 'NIOCLEAN', 'NIOCLEAN AD', 'NIORET NANO', 'OBRIL', 'OCOTRET', 'ORARET', 'ORIVA CMS', 'PAKNET C', 'PAPULEX', 'PAPULEX CLEANSING', 'PERCUNA', 'PERNEX AC', 'PEROBAR', 'PEROCLIN', 'PERODUO', 'PERSOL AC', 'PERSOL AC 5', 'PERSOL FORTE', 'PERSOL PLUS', 'PIGMASON', 'PIMPLEX', 'PINOIN', 'POSTAC', 'PROPISAL', 'PURODIL', 'REGISO', 'RESOTEN', 'RETIK', 'RETINO', 'RETINO A', 'RETINO A MICRO', 'RETINO AC', 'RETISO', 'REVIZE', 'REVIZE MICRO', 'S NOID', 'SAFERET', 'SALIAC', 'SALIFACE FACE WASH', 'SALIX 12', 'SEBOGEL', 'SENSEAL KF', 'SKINBLESS', 'SKINELLE', 'SKINSHINE', 'SLC', 'SLC ACNE', 'SOTRET', 'SUCRAL', 'SUPATRET', 'SUPATRET C', 'SUPER GLOW NF', 'SYSRET', 'TARSALIC', 'TAZRET', 'TAZRET FORTE', 'TIVENCA', 'TREBOR', 'TRESOBET', 'TRET', 'TRETIN', 'TRETIN ISO', 'TRETIVA', 'TRILUMA', 'TRIOCLIN', 'TRONIN', 'TRONIN MS', 'TRUNEX MS', 'TUFACNE', 'UNRIVAL', 'USIT', 'VARENYA', 'VEDASOL', 'VEDASOL SM', 'XTRALITE', 'XYLOXIDE', 'YUGARD', 'ZEBOR', 'ZINDERM BPO', 'ZITBLOW', 'ZITCLIN', 'ZITLITE', 'ZITLITE ANTI ACNE FOAM', 'ZYCLIN NANO']"
 Alcohol Addiction (11) ,https://www.netmeds.com/prescriptions/alcohol-addiction,"['ACAMPROL', 'ACAMPTAS', 'ALCOLIV', 'ALCOSATE', 'DESIROX', 'DISULFIRAM', 'ESPERAL', 'NALTIMA', 'TYFUSIN']"
 Allergies (955) ,https://www.netmeds.com/prescriptions/allergies,"['1 AL', '1 AL M', 'ABICET M', 'ADRIL', 'AFDIGROW', 'AFINEDAY', 'AIR', 'AIR M', 'AIRLUNG', 'AIRSURGE', 'AKUBLISS', 'AKUMINIC', 'ALARREST', 'ALASPAN', 'ALASPAN AM', 'ALASPAN ORAL', 'ALASTIN', 'ALCAREX', 'ALCET 10', 'ALCITRA', 'ALCON PLUS', 'ALDAY DUO', 'ALDEX SR', 'ALECLOZ', 'ALENIX', 'ALERDAIN M', 'ALERFIX', 'ALERFIX M', 'ALERFIX TOTAL', 'ALERFRI M', 'ALERGIN', 'ALERGIN NF', 'ALERICAD', 'ALERID', 'ALERID D', 'ALERMONT', 'ALERPIN A', 'ALERTAC', 'ALEVA', 'ALFREE', 'ALGO', 'ALGROT', 'ALL 3', 'ALLARIZ', 'ALLARIZ M', 'ALLEFAST', 'ALLEGRA', 'ALLEGRA M', 'ALLER DUO', 'ALLERBLIS', 'ALLERBLIS M', 'ALLERCET', 'ALLERCET L', 'ALLERCET M', 'ALLERCET M KID', 'ALLERCOS NX', 'ALLERDE', 'ALLERDE M', 'ALLERDEST', 'ALLERGEGRA', 'ALLERGEGRA M', 'ALLERGIN', 'ALLERHIN L', 'ALLERKNOT L', 'ALLERMET', 'ALLERMIN', 'ALLERONE', 'ALLERZINE', 'ALLGY', 'ALLRITE', 'ALLSET', 'ALOCET', 'ALOCET M', 'ALOCET XL', 'ALORTI', 'ALORTI M', 'ALT FM', 'ALZERO D', 'ALZERO M', 'ALZERO M KID', 'ALZINE', 'ANCER LM', 'ANGLOCET', 'ANGLOCET L', 'ANTEGY', 'ANTEGY M', 'ANTICET', 'ANTIZED', 'ANTIZED 10', 'APIPRO', 'APP UP', 'APTIVIN', 'ARGELLA', 'ARGELLA M', 'AROKAST FX', 'AROKAST L', 'ASCORIL FLU', 'ASOLEVO M', 'ASTHAMON L', 'AVERCET M', 'AVERZINE', 'AVIL', 'AVIL NU', 'AVINORM', 'AZELAST', 'AZFEX M', 'BEIPOS', 'BELATIN', 'BELATIN M', 'BELTAS', 'BENELIX', 'BEPOMAC', 'BEPOZAL', 'BETNI', 'BETONIX', 'BIL 1', 'BILACAD', 'BILACAD M', 'BILACALM', 'BILACHEK', 'BILACHEK M', 'BILAFAV', 'BILAFAV M', 'BILAGRA', 'BILAHENZ', 'BILAHENZ M', 'BILAHIST', 'BILALIFE', 'BILALIFE M', 'BILAMBIC', 'BILAMBIC M', 'BILAMED', 'BILAMOVE', 'BILAMOVE M', 'BILANAIR', 'BILANIX', 'BILANTA', 'BILANTA M', 'BILASET', 'BILASHINE', 'BILASHINE DT', 'BILAST', 'BILAST M', 'BILASTERO', 'BILASTERO M', 'BILASURE', 'BILASURE M', 'BILATIS', 'BILAZAP', 'BILAZAP M', 'BILAZEST', 'BILAZEST M', 'BILAZO', 'BILBAY', 'BILLARGIC', 'BILLARGIC M', 'BILTEN', 'BL 24', 'BLSON', 'BOROX M', 'BREATHEZY L', 'BREAZE L', 'BREAZE L KID', 'BREETHE FX', 'BREETHE L', 'BREETHE L KID DT', 'BRONKOLAST L', 'BULARID', 'BULARID L', 'BYELLERGY', 'BYLOZA', 'CACHLACTIN', 'CADVOCET', 'CAFTA', 'CALAGY', 'CASTIN', 'CENT', 'CENTILUK', 'CEPIAM TR', 'CERIZ', 'CETALORE', 'CETCIP', 'CETCIP L', 'CETEZE', 'CETFAST', 'CETFAST M', 'CETFULL L', 'CETGEL', 'CETIDAY', 'CETIFAR', 'CETIMON', 'CETIRID', 'CETIRIZ', 'CETIRIZ G', 'CETIZ', 'CETLERGY', 'CETRAMAC', 'CETREZOL', 'CETREZOL L', 'CETRID OD', 'CETRIKAA', 'CETRILIV M', 'CETRIMARK', 'CETRIMONT', 'CETRIPLUS', 'CETRIVER', 'CETRIZ', 'CETRIZINE', 'CETTOP', 'CETZINE', 'CETZY', 'CISTIN', 'CISTIN L', 'CITIMED COLD PLUS', 'CITRITO', 'CITYZEN', 'CITZEN', 'CLAMIST', 'CNF', 'CNF ACTIV', 'CNF ACTIVE+', 'CNF+', 'COBIL', 'COBIL M', 'COEKASTLE', 'COEKASTLE KID', 'COLDITAC', 'COPE', 'CORTOMINE FORTE', 'CORTRIDE', 'COVEL', 'COZIMONT L', 'COZIMONT L KID', 'CRIZ', 'CRIZ M KID', 'CROMAL FORTE', 'CS L', 'CUTILIV', 'CYP L', 'CYPON', 'CYTODINE', 'CZ 3', 'D CORT', 'D LOR', 'DAZIT', 'DAZIT M', 'DC LEVO M', 'DELMINIC', 'DELPODINE', 'DELPODINE M', 'DELPOMONT L', 'DES OD', 'DESKAST', 'DESLOR', 'DEXCPM SR', 'DEZACOR', 'DEZLIN', 'DEZLIN M', 'DEZLORID', 'DEZLORID M', 'DILOVENT M', 'DIO 1', 'DIOCALM', 'DIOMINIC', 'DIOMINIC SR', 'DISITCH', 'DOXINATE G', 'DRUSA', 'EBAHIST', 'EBAL', 'EBAL MD', 'EBAMONT', 'EBASIL', 'EBAST', 'EBAST DT', 'EBAST M', 'EBAST ODT', 'EBIBLAST', 'EBMONT FX', 'EBMONT LC', 'ELCE', 'ELCE M', 'ELCICAST', 'ELECIT', 'ELGNIL', 'ELINA', 'ELOCON', 'ELRIZ', 'ELTEGRA', 'EMLUKAST FX', 'ENTOFOAM', 'ERGOMONT F', 'ERGOMONT L', 'ERGOMONT L KID', 'EROZINE M', 'ESTINA', 'ETHIZINE', 'ETOFEX', 'ETOFEX 180', 'EVOCET', 'EZLEV M', 'F DIN', 'FEBREX LP', 'FEBREX PLUS AF', 'FEEGRA', 'FEEGRA M', 'FEGRA', 'FENIXA', 'FENIXA M', 'FENOFEXA', 'FEX', 'FEX M', 'FEXA M', 'FEXIGRA', 'FEXIGUM', 'FEXIGUM M', 'FEXINID M', 'FEXOBANG ML', 'FEXOBIT', 'FEXOCAD 180', 'FEXOCAD M', 'FEXOCET', 'FEXOCON', 'FEXOCON M', 'FEXODER', 'FEXOFEN', 'FEXOFRENCH', 'FEXOLIFE', 'FEXOLIFE M', 'FEXOLITE M', 'FEXOLUP', 'FEXONA', 'FEXONIL M', 'FEXORYL M', 'FEXOVA', 'FEXOWAL 120', 'FEXOWAL 180', 'FEXTIM', 'FEXY', 'FIBAFEX', 'FINIDE', 'FIXAR', 'FLOCARE', 'FLOCARE AZ', 'FLORAMIN', 'FLUCOLD CLEAR', 'FM 24', 'FORISTAL', 'FORISTAL LONTABS', 'FORMICET', 'FORMICET LM', 'FULCORT', 'FULLCOVER', 'FX 24', 'FXSON M', 'GEMFEX', 'GLEMONT F', 'GLENCET', 'GOKAST BL', 'HALOMESH', 'HATRIC', 'HATRIC 3', 'HEALCET', 'HHFEXO', 'HHFEXO M', 'HHLEVO', 'HHLEVO M', 'HHLEVO M KID', 'HICET', 'HICET L', 'HICOPE', 'HILERIN', 'HIS BLOCK', 'HISTABAN', 'HISTABAN M', 'HISTABIL', 'HISTACET', 'HISTADAY', 'HISTAFREE', 'HISTAFREE M', 'HISTAKEM', 'HISTAKIND M', 'HISTAOVER', 'HISTAOVER LM', 'HISTAOVER ROSE FLAVOUR', 'HISTAPIN 120', 'HISTAPIN M', 'HISTAPRO', 'HISTAPRO M', 'HISTOGLOB', 'HYCORT', 'HYDROPIN', 'HYRAX ORAL', 'IBALERT M KID', 'IBIALERT', 'IBIKAST', 'IBIKAST L KID', 'IBREX', 'IBREX MT', 'INCID L', 'INCID MD', 'INFINAIR', 'INFINAIR LD', 'INSTAZIN', 'INTAZIN', 'INTAZIN LDN', 'JOTAIR L', 'KEMLACTIN BLACK CURRANT FLAVOUR', 'KEMLACTIN STRAWBERRY FLAVOUR', 'KIND', 'KLM FX', 'L', 'L CBIT MK', 'L CETRINO', 'L CETRINO M', 'L CETRIVER', 'L CETRON', 'L CIN', 'L DIO 1', 'L DIO 1 M', 'L DIO 1 M KID', 'L HIST', 'L HIST MONT', 'L KAST', 'L MON DAY', 'L MONTUS', 'L MONTUS KID', 'L MONTUS KID FORTE', 'L ZINE', 'LASMA LC', 'LASMA LC KID', 'LAVETA', 'LAVETA M', 'LAVETA M KID', 'LAZINE', 'LAZINE M', 'LC TROY', 'LCET M', 'LCFEX', 'LCFEX MONT', 'LCM', 'LCZ', 'LE ZENRID', 'LEBIA', 'LEBIA M', 'LEBIA M KID', 'LECET', 'LECETZY', 'LECETZY AM', 'LECOPE', 'LECOPE M', 'LECVIS', 'LEED', 'LEEGRA', 'LEEGRA MK', 'LEET', 'LEET AM', 'LEJET', 'LEKAST', 'LEKAST KMD', 'LEMOSTOP', 'LEMSKY 10', 'LEMSKY 5', 'LERINEX M', 'LESAFE', 'LESET', 'LETZY M', 'LEVAPP', 'LEVENZIN', 'LEVIZ M', 'LEVMON L', 'LEVOACE', 'LEVOBERT', 'LEVOCAD', 'LEVOCET', 'LEVOCET D', 'LEVOCET M', 'LEVOCET M KID', 'LEVOCETRIWAL', 'LEVOCETRIZEN', 'LEVOKAST', 'LEVOKON', 'LEVOKON M', 'LEVOLER', 'LEVOLEUKAST', 'LEVOLITE M', 'LEVOLITE M KID', 'LEVOMINT', 'LEVOMONT LC', 'LEVONAIR', 'LEVONAIR KID', 'LEVOREST M', 'LEVORID', 'LEVORIST M', 'LEVOSIZ', 'LEVOSIZ M KID', 'LEVOT M', 'LEVOTRAMINE', 'LEVOZAL M', 'LEVOZET', 'LEWEL', 'LEZYNCET', 'LEZYNCET D', 'LEZYNCET M', 'LFAST', 'LFAST AM', 'LGNIL', 'LICIT', 'LIMONTE', 'LIST', 'LIT SR', 'LIVY M', 'LM 15', 'LONGCET', 'LORATIN', 'LORATOP', 'LORAVA', 'LORDIZIN', 'LORFAST', 'LORFAST MELTAB', 'LORINOL', 'LORMEG', 'LORSICA', 'LOT LS', 'LOVIM', 'LUKOTAS FX', 'LUKOTAS LC', 'LUVLE', 'LYOPRED', 'M FEX', 'MAGNAMONT L', 'MAGNATAIR FX', 'MASTIC LC', 'MASTOWELL', 'MASTOWELL M', 'MAXCET', 'MAXSTINE', 'MEROKAST L', 'METALERG', 'MIGRON FX', 'MIGRON L', 'MINOLAST', 'MINOLAST LC', 'MIONTIZEE L', 'MOKAST LC SR', 'MONADINE', 'MONAST LC', 'MONCET', 'MONCET (PHARMATECH)', 'MONCET L', 'MONCET LM', 'MONCET LM KID', 'MONCITRA', 'MONDESLOR', 'MONLEVO', 'MONLEVO JUNIOR', 'MONOKAST FX', 'MONT LC', 'MONT LC KID', 'MONT LOREVA', 'MONTACT LC', 'MONTAIR', 'MONTAIR AB', 'MONTAIR FX', 'MONTAIR LC', 'MONTAIR LC KID', 'MONTASMA FX', 'MONTASMA PLUS', 'MONTECIP LC', 'MONTEGRESS FX', 'MONTEGRESS LC', 'MONTEK BL', 'MONTEK LC', 'MONTEK LC KID', 'MONTELAR', 'MONTELEVO', 'MONTEMAC BL', 'MONTEMAC FX', 'MONTEMAC L', 'MONTEMAC L KID', 'MONTEMERI', 'MONTEPOWER L', 'MONTEPURE L', 'MONTESYNC', 'MONTESYNC KID', 'MONTEWIN F', 'MONTEWOK LC', 'MONTEWYN F', 'MONTGOLD KID', 'MONTI FX', 'MONTICOPE', 'MONTICOPE A', 'MONTICOPE KID', 'MONTILIFE KID', 'MONTINA FX', 'MONTINA L (ARISTO)', 'MONTISAN', 'MONTLU L', 'MONTMED LC', 'MONTOSS F', 'MONTOSS L', 'MONTOSS L KID', 'MONTOSTAT', 'MONTOSTAT KID', 'MONTRAL', 'MONTRAL KID', 'MONTU STAR', 'MONTY KID', 'MONZAP LC', 'MONZEM FX', 'MONZEM LC', 'MOTIMESH', 'MOTIMESH SF', 'MTNL', 'MTNL KID', 'MUCOSET GOLD', 'MYTIMONT L', 'NASIWAR', 'NASIWAR COLD', 'NASOCLEAR COLD AF', 'NEFCOZ', 'NEOTROP PLUS', 'NEXOFEX', 'NEXOFEX M', 'NOHIVES', 'NOVAHIST', 'NOVAMARK', 'NOVOSIZ', 'NUCOPE', 'NUKAST', 'ODASTIN M', 'ODIMONT', 'ODIMONT FX', 'ODIMONT LC', 'ODIMONT LC KID', 'OKACET', 'OKACET L', 'OLMONT', 'OLOPLUS', 'OLOPLUS KT', 'OLOPLUS OD', 'ONCET CF', 'ONTELIO L', 'OPTIHIST CROMZ', 'OREFEX', 'ORELE', 'ORIEL', 'ORIEL M', 'PARACOLD', 'PERITOL', 'PERIZINE', 'PHENIRAMINE MALEATE(LIFECARE)', 'PHENSEDYL COLD', 'PHENSEDYL LM', 'PLECITAB', 'POLARAMINE', 'PREGVOM', 'PRIVENT', 'PRUCROS', 'PRULASTIN', 'PRULASTIN M', 'PSORID', 'PULMONART LC', 'Q.MONT', 'RANMONTE LC', 'RAPIDON', 'RAYMONT LC', 'RECOFAST', 'REHIST', 'REHIST M', 'RELIF', 'REM CC', 'REMUNE AL', 'RENODAPT S', 'REOKAST', 'RESPICURE', 'RESPIZ', 'REVOKAST', 'REXHIST', 'RHINOPIN', 'RHINOPIN P', 'RID AR', 'RID AR KID', 'RINITRIN', 'RINOFAST', 'RINOSOLVIN', 'RINOSOLVIN KID', 'RITCH', 'ROMILAST BL', 'ROMILAST FX', 'ROMILAST L', 'RUPANEX', 'RUPANEX M', 'RUXMONT LC', 'RZINE M', 'SATRIN', 'SENSIFEN', 'SHCORTY H17', 'SIBASTIN', 'SIGCET M', 'SINAREST FX', 'SINGULAIR', 'SIZON', 'SIZON FORTE', 'SMARTCET', 'SMARTI', 'SPIROMONT F', 'SPIROMONT F 180', 'SPIROMONT L', 'STONMONT LC', 'STUGIL D', 'SUDIN PD', 'SYMFINE', 'Sigcet', 'Smarti M', 'T DAY', 'TAREGYL', 'TECZINE', 'TECZINE M', 'TELEKAST', 'TELEKAST F', 'TELEKAST L', 'TELEKAST L KID', 'TERIZINE', 'TOFRIN', 'TORKAST FX', 'TRIAMADERM', 'TRIZ', 'TRIZACET', 'TRIZACET COLD', 'TRUCET', 'UBIL', 'UBIL AR', 'UNIAIR FX', 'UNICARBAZAN FORTE', 'VAN LM', 'VELCET', 'VENTIDOX DL', 'VENTIREX LM', 'VENTIREX LM KID', 'VEROMON', 'VIBGLOW', 'VITARESP', 'VITARESP FX', 'VOLTRIZ M', 'VORLEVO M', 'VOZET', 'WALIMONT FX', 'WALIMONT L', 'WALIMONT LC', 'WIMONTE L', 'WINCIT', 'WINCIT M', 'WOZEN', 'WYMESONE', 'XARIA KIDZ MANGO FLAVOUR', 'XARIA PLUS', 'XEVOR', 'XL MONT', 'XYZAL', 'XYZAL M', 'XYZAL M KID DT', 'YOCET M', 'ZADITEN', 'ZADONASE', 'ZADONASE F', 'ZEECOOL PLUS', 'ZEEZ', 'ZEEZ M', 'ZEGRA', 'ZELET', 'ZELGRA', 'ZENRID', 'ZEX', 'ZIN OD', 'ZIPCET', 'ZMONT FX', 'ZYLERA', 'ZYNCET', 'ZYRTEC', 'loramed']"
 Alzheimer (148) ,https://www.netmeds.com/prescriptions/alzheimer,"['ADMENTA', 'ALMERZIL', 'ALZIL', 'ALZIL M', 'ALZIL SR', 'ARICEP', 'ARICEP M', 'ARICEP SR', 'BENOVAT', 'BULARID', 'CEHAM', 'CEHAM P', 'CEREBRAIN', 'CEREVATE', 'CHOLERGOL', 'CHOLINECAD', 'CITELEC', 'CITIBRAL', 'CITICON', 'CITICON P', 'CITIFEST', 'CITIMAC', 'CITIMAC P', 'CITIMET', 'CITINOVA', 'CITISTAR', 'CITISTAR PM', 'CITIVAS', 'CITIZAC', 'CITROK', 'CLINAXON', 'CLINAXON 4', 'COGMENTIN 10', 'COGNIDEP 10', 'COGNIDEP 5', 'COGNITAM', 'COGNITRAC', 'COGNOLIN', 'COGNOLIN P', 'COGPEX PLUS', 'COLIHENZ', 'COLIHENZ P', 'CRITICOLINE', 'DEMENZIL', 'DISTINON', 'DONAMEM', 'DONAMEM FORTE', 'DONAMIND M', 'DONECEPT', 'DONECEPT M', 'DONECEPT M FORTE', 'DONECT M', 'DONEP', 'DONEP M', 'DONEP M FORTE', 'DONETAZ ODS', 'DONETAZ SR', 'DOPE', 'EBIXA', 'EXELON', 'EXELON TTS', 'GALAMER', 'GRAVITOR', 'GRAVITOR SR', 'LAPEZIL', 'LARENTINE', 'LARENTINE D', 'NEMDAA', 'NEUCITI', 'NEUCITI FORTE', 'NEUCITI PLUS', 'NEUROCETAM PLUS', 'NEUROFIT C', 'NEUROMIN CT', 'NEUROSPARK', 'NOOTROPIL C', 'NUROCOL', 'NUROCOT', 'NUROTAS', 'NUROTAS P', 'PERACIT', 'PREXARON', 'PREXARON M SR', 'PREXARON PLUS', 'RITAS', 'RIVAMER', 'SOMAZINA PLUS', 'STORAX', 'STORAX PLUS', 'STORAX PR', 'STROCIT', 'STROCIT ORAL', 'STROCIT PLUS', 'STROCOZ', 'STROLIFE', 'STROLIN', 'STROLIN P', 'STROPIL', 'STROZINA', 'TICSTOP', 'UNICHOLIN']"
 Amoebiasis (19) ,https://www.netmeds.com/prescriptions/amoebiasis,"['AMICLINE', 'AMICLINE PLUS', 'DYGYL', 'FLAGYL', 'FUROXONE', 'METRO', 'METROGYL COMPOUND PLUS', 'NITACURE', 'NIZONIDE', 'NIZONIDE DT', 'NORTINI', 'ORNISTOP', 'SATROGYL', 'SATROGYL O', 'SECNIL FORTE', 'ZERO M']"
 Anaemia (468) ,https://www.netmeds.com/prescriptions/anaemia,"['ABDIFER', 'ABDIFER XT', 'ACTORISE', 'ALOHA XT', 'ALPHAMIX', 'ALTOFER C', 'AMINOGLOBIN', 'AMINORICH', 'ANOFER S', 'ANOFER SP', 'ASCOLIFE XT', 'ASTYFER XT', 'ASTYFER Z', 'AUTRIN', 'B9', 'B9 PLUS', 'BAROHEM', 'BEFER', 'BIOFER S', 'BIOFER XT', 'BIZFER XT', 'BLUD UP XT ORANGE FLAVOUR', 'BRAVOFER', 'CADOFER XT', 'CAL AID', 'CALMNERVE', 'CANTHEX', 'CARBORN XT', 'CARFER', 'CELEFER', 'CELO FE', 'CHERI', 'CHERI NEW', 'CHERI XT', 'CITRAPHOS', 'COEHB', 'COEHB D3', 'COEHB PLUS', 'CONIRON', 'CORBET XT', 'CPINK', 'CPINK M', 'CYSTINA', 'DAILY IRON', 'DAILY IRON SR', 'DARBECON', 'DECA INTABOLIN', 'DEEAID XT', 'DEXORANGE', 'DOCOFER', 'EIDO FE', 'EIDO FE FORTE', 'ELDEFOL FORTE', 'ELFERRI', 'ELFERRI XT +', 'EMFOLIC', 'EMFOLIC DHA', 'ENCICARB', 'ENCIFER', 'EXTRAFER', 'FAA', 'FAA 20', 'FAG M', 'FANTY', 'FARO XT', 'FDSON 12', 'FDSON 12 SL', 'FDSON MP', 'FDSON MP FORTE', 'FDSON PLUS', 'FDSON SPOR', 'FE 10', 'FE 14', 'FE 3', 'FE 3 XT', 'FE NEXT', 'FE SURGE', 'FE Z XT', 'FEBILT FE', 'FEBILT XT', 'FECONTIN F', 'FECONTIN Z', 'FEDAY', 'FEDAY C', 'FEDDER', 'FEFOL Z', 'FEGOLD', 'FEMINA XT', 'FENEED XT', 'FERCEE XT', 'FERCEL XT', 'FERED XT', 'FERICAP XT', 'FERICIP XT', 'FERIDIB XT', 'FERIKIND', 'FERIKIND M', 'FERIKIND PLUS', 'FERIKIND S', 'FERINJECT', 'FERIPRO RED', 'FERIPRO XT', 'FERIPRO Z', 'FERIPUSH XT', 'FERIS', 'FERISOME', 'FERITONIA XT', 'FERIUM', 'FERIUM CHEW', 'FERIUM D3', 'FERIUM XT', 'FERIXYM', 'FERIZAC', 'FERMAX', 'FEROCAD', 'FEROCAD XT', 'FEROFAG', 'FEROGLOBIN B12', 'FEROLUV S', 'FERONIA', 'FERONIA D3', 'FERONIA HP', 'FERONIA XT', 'FEROPINK', 'FEROSE', 'FEROSE IV', 'FEROSE XT', 'FEROX XT', 'FEROZORB', 'FERRADOL MALTS', 'FERRI', 'FERROCHELATE', 'FERROCHELATE XT NEW', 'FERROCYTE XT', 'FERROFIT', 'FERROGEN XT', 'FERROMER XT', 'FERRONOMIC', 'FERRONOMIC PLUS', 'FESHINE', 'FESOVIT SPANSULE', 'FEVIMAX Z', 'FEXID XT', 'FLARISH', 'FLAVIT XT', 'FLAVIT Z', 'FOL', 'FOL 123', 'FOL B', 'FOL G2 PLUS', 'FOL XT', 'FOLCIN', 'FOLERA MD', 'FOLFIT', 'FOLGRO STRAWBERRY FLAVOUR', 'FOLIDEN', 'FOLIGEM', 'FOLIKAA', 'FOLIMED', 'FOLINEXT', 'FOLINEXT D', 'FOLINEXT GOLD', 'FOLININE', 'FOLININE PLUS', 'FOLIRANGE', 'FOLISTAT', 'FOLITE', 'FOLLY', 'FOLMINE', 'FOLNEW', 'FOLVIN', 'FOLVITE', 'FOLVITE MB', 'FOLY', 'FOLYGEL', 'FOLYRED', 'FORICH', 'FREZCON', 'FRIDA', 'FUR CR', 'FUR XT', 'GABAXIA SR', 'GEFER', 'GEFER FORTE', 'GEROZ', 'GEROZ O', 'GLOBAC XT', 'GLOBAC Z', 'GLOFER XT', 'GLOW XT', 'GLOWFOL', 'GOODVIT', 'GRACIFER', 'GYNAE CVP', 'HAEM UP', 'HAEM UP C', 'HAEM UP GEMS', 'HAEMDATES XT', 'HAEMWAR XT', 'HAPIFER', 'HAPIFER XT', 'HB 29', 'HB FOL Z', 'HB MAX', 'HB ORANGE NF DELICIOUS ORANGE FLAVOUR', 'HB RED', 'HB SET', 'HB TONIC', 'HB Z', 'HBZ XT', 'HEAMWAR XT', 'HEMFER', 'HEMFER XT', 'HEMO SURGE', 'HEMOCARE', 'HEMOCARE BABY', 'HEMOCARE JUNIOR', 'HEMOCARE XT', 'HEMOGOLD', 'HEMOGOLD XT', 'HEMOZINK', 'HEMSI', 'HEMTON XT', 'HEPATOGLOBINE', 'HEPATOGLOBINE MIKROS', 'HEPATOGLOBINE XP', 'HEPP SR', 'HOMOCYST', 'HUNTRED', 'HUNTRED Z', 'I 100', 'I FAG', 'I KEY', 'I KEY NEFRO', 'I ROSE', 'I UP', 'IBIDARB', 'IDEFER XT', 'IFERWIN', 'IFORU', 'IMAX FORTE', 'IMAX PLUS', 'IMAX S', 'IMAX XT', 'IMFERON', 'IMFERON S', 'INDIFER', 'IRENTIA', 'IREX', 'IROFOL RED', 'IRONEE', 'IRONEE Z', 'IRONEX HB', 'IROSS XT', 'IROZORB', 'IROZORB S', 'ISOFER', 'ISURGE', 'IVCROS', 'JECTOCOS', 'JECTOCOS PLUS', 'JILAZO', 'LAMINO DIALYSIS BIX', 'LARINJECT', 'LE FERITAS', 'LEXIFER', 'LIVOGEN', 'LIVOGEN CAPTAB', 'LIVOGEN XT', 'LIVOGEN Z', 'LOYFER XT', 'LRZIN', 'LUPIHEME', 'LYCOGOLD', 'LYCORED', 'MACIRON XT', 'MASHYNE', 'MATILDA AF', 'MCBM 69', 'MEGANEURON', 'MEGANEURON FORTE', 'MEROFER XT', 'METHICO AL', 'MIMORANGE L', 'MINMIN', 'MOVACOBAL', 'MUMFER XT', 'MYCOTOP', 'MYMI', 'MYMIFER', 'MYOBOLIN', 'NEODEX', 'NEXIRON', 'NICOFER F', 'NID XT', 'NURENTIA XT', 'O FFER', 'OROFER', 'OROFER FCM', 'OROFER S', 'OROFER XT', 'OROFER XT TOTAL', 'OROFIST XT', 'OROFIST ZXT', 'OZORED', 'PANLORD D', 'PATCHEX', 'PREFER', 'PREFOL', 'PREGNACARE FORTE +', 'PREMENCE PLUS', 'QRON', 'R B TONE', 'R B TONE XT', 'RARICAP', 'RARICAP COMBI', 'RARICAP FORTE', 'RARICAP L', 'RARICAP M', 'RARICAP S', 'RAVIRON XT', 'RBFIX', 'REDHAEM', 'REDIHEALTH', 'REFOL S', 'REFOL XT', 'REGAFOL XT', 'RENEMIA', 'RENERVE 24', 'REVOFER', 'REVORED', 'REVORED XT', 'RICHAR CR', 'RICHAR XT', 'RUBIRED', 'RUBIRED S', 'RUBRO', 'SEFSTART', 'SFE', 'SNIRON XT', 'SOFERI', 'SOFTERON', 'SOFTERON Z', 'SOLFE AZ', 'SYSFOL', 'TETRAFOL', 'TETRAFOL PLUS', 'THYROWEL', 'TONIKEM RED', 'TONOFERON', 'TONOFERON PAEDIATRIC', 'TONOFERON SF', 'TONOFOLIC', 'TONOFOLIC DS', 'TONOFOLIC XT', 'TONOFOLIC Z', 'TOPRED', 'TRIFER', 'TROPHOX', 'TROYNURON SR', 'UNIRAUT', 'UPRISE XT', 'VEGEFER', 'VINTOR', 'VITAFOL', 'VITAROSE', 'VITCOFOL', 'VITCOFOL C', 'VITCOFOL S', 'XOOM', 'ZEBITA XT', 'ZEMCIFER', 'ZEMCIFER XT', 'ZEMICFER XT', 'ZEST', 'ZIFOL XT', 'ZINCOFER', 'ZINCOFER NURTURE', 'ZINCOFER XT', 'ZURIFER XT']"
 Anaesthesia - Local (60) ,https://www.netmeds.com/prescriptions/anaesthesia-local,"['ANAWIN', 'ANAWIN HEAVY', 'ANTHACAINE', 'BULOC 0.25', 'BULOC 0.5', 'BULOC H', 'BUPITROY', 'CERUKLIN', 'DEXMEDINE', 'DEXTOMID', 'DOLOCAINE', 'DYLO AQUA', 'FORANE INHALANT', 'HYPNOTHANE', 'LIGNOCAINE(CADILA)', 'LIGNOX', 'LIGNOX 2% A', 'LIGNOX F', 'LOX', 'LOXICARD', 'NAPIGARD', 'NUMMIT', 'OCU LIGNO', 'OCULAN', 'ORABLISS', 'PILENIL', 'PRILIDO', 'PRILOX', 'RAPIFOL', 'RESOCAINE', 'ROPIN', 'SENSORCAINE HEAVY', 'SOSRANE', 'SUPRANE', 'TOPLAP', 'TROYMIDATE', 'VIVETA', 'XICAINE', 'XYLOCAINE', 'XYLOCAINE ADRENALINE', 'XYLOCAINE VISCOUS', 'XYLOCARD', 'XYNOVA', 'XYNOVA HEAVY', 'XYNOVA P']"
 Anaesthesia General (1) ,https://www.netmeds.com/prescriptions/anaesthesia-general,['SEVORANE']
 Anal Fissure (0) ,https://www.netmeds.com/prescriptions/anal-fissure,[]
